"A","NORTH EAST GOVERNMENT OFFICE REGION","","","CITYGATE","GALLOWGATE","","NEWCASTLE UPON TYNE","TYNE AND WEAR","NE1 4HW","19940401","","","","","","","","","","","0","","","","",""
"B","NORTH WEST GOVERNMENT OFFICE REGION","","","CITY TOWER","","","MANCHESTER","GREATER MANCHESTER","M1 4BE","19980801","","","","","","","","","","","0","","","","",""
"D","YORKSHIRE & THE HUMBER GOVERNMENT OFFICE REGION","","","PO BOX 213","CITY HOUSE","NEW STATION STREET","LEEDS","WEST YORKSHIRE","LS1 4JB","19940401","","","","","","","","","","","0","","","","",""
"E","EAST MIDLANDS GOVERNMENT OFFICE REGION","","","THE BELGRAVE CENTRE","STANLEY PLACE","TALBOT STREET","NOTTINGHAM","NOTTINGHAMSHIRE","NG1 5GG","19940401","","","","","","","","","","","0","","","","",""
"F","WEST MIDLANDS GOVERNMENT OFFICE REGION","","","77 PARADISE CIRCUS","QUEENSWAY","","BIRMINGHAM","WEST MIDLANDS","B1 2DT","19940401","","","","","","","","","","","0","","","","",""
"G","EAST OF ENGLAND GOVERNMENT OFFICE REGION","","","BUILDING 1","WESTBROOK","MILTON ROAD","CAMBRIDGE","CAMBRIDGESHIRE","CB4 1YG","19940401","","","","","","","","","","","0","","","","",""
"H","LONDON GOVERNMENT OFFICE REGION","","","RIVERWALK HOUSE","157 - 161 MILLBANK","","LONDON","GREATER LONDON","SW1P 4RR","19940401","","","","","","","","","","","0","","","","",""
"J","SOUTH EAST GOVERNMENT OFFICE REGION","","","BRIDGE HOUSE","1 WALNUT TREE CLOSE","","GUILDFORD","SURREY","GU1 4GA","19940401","","","","","","","","","","","0","","","","",""
"K","SOUTH WEST GOVERNMENT OFFICE REGION","","","4TH & 5TH FLOORS","THE PITHAY","","BRISTOL","AVON","BS1 2ND","19940401","","","","","","","","","","","0","","","","",""
"Q70","NHS ENGLAND SOUTH (WESSEX)","Y57","","OAKLEY ROAD","","","SOUTHAMPTON","HAMPSHIRE","SO16 4GX","20121001","","","C","","","","","","","","0","","","","",""
"Q71","NHS ENGLAND LONDON","Y56","","SOUTHSIDE","105 VICTORIA STREET","VICTORIA","LONDON","GREATER LONDON","SW1E 6QT","20130320","","","C","","","","","","","","0","","","","",""
"Q72","NHS ENGLAND NORTH (YORKSHIRE AND HUMBER)","Y54","","CITY OFFICE PARK","3 LEEDS CITY OFFICE PARK","HOLBECK","LEEDS","WEST YORKSHIRE","LS11 5BD","20150401","","","S","","","","","","","","0","","","","",""
"Q73","NHS ENGLAND NORTH (LANCASHIRE AND GREATER MANCHESTER)","Y54","","PICCADILLY PLACE","3 PICCADILLY PLACE","LONDON ROAD","MANCHESTER","GREATER MANCHESTER","M1 3BN","20150401","20160331","","S","","","","","","","","1","","","","",""
"Q74","NHS ENGLAND NORTH (CUMBRIA AND NORTH EAST)","Y54","","WATERFRONT 4","4 GOLDCREST WAY","NEWBURN WATERFRONT","NEWCASTLE UPON TYNE","TYNE AND WEAR","NE15 8NY","20150401","","","S","","","","","","","","0","","","","",""
"Q75","NHS ENGLAND NORTH (CHESHIRE AND MERSEYSIDE)","Y54","","REGATTA PLACE","SUMMERS ROAD","BRUNSWICK BUSINESS PARK","LIVERPOOL","MERSEYSIDE","L3 4BL","20150401","","","S","","","","","","","","0","","","","",""
"Q76","NHS ENGLAND MIDLANDS AND EAST (NORTH MIDLANDS)","Y55","","BIRCH HOUSE","SOUTHWELL ROAD WEST","RAINWORTH","MANSFIELD","NOTTINGHAMSHIRE","NG21 0HJ","20150401","","","S","","","","","","","","0","","","","",""
"Q77","NHS ENGLAND MIDLANDS AND EAST (WEST MIDLANDS)","Y55","","ST CHADS COURT","213 HAGLEY ROAD","EDGBASTON","BIRMINGHAM","WEST MIDLANDS","B16 9RG","20150401","","","S","","","","","","","","0","","","","",""
"Q78","NHS ENGLAND MIDLANDS AND EAST (CENTRAL MIDLANDS)","Y55","","FOSSE HOUSE","6 SMITH WAY","ENDERBY","LEICESTER","LEICESTERSHIRE","LE19 1SX","20150401","","","S","","","","","","","","0","","","","",""
"Q79","NHS ENGLAND MIDLANDS AND EAST (EAST)","Y55","","VICTORIA HOUSE","CAPITAL PARK","FULBOURN","CAMBRIDGE","CAMBRIDGESHIRE","CB21 5XB","20150401","","","S","","","","","","","","0","","","","",""
"Q80","NHS ENGLAND SOUTH (SOUTH WEST)","Y57","","SOUTH PLAZA","MARLBOROUGH STREET","","BRISTOL","AVON","BS1 3NX","20150401","","","S","","","","","","","","0","","","","",""
"Q81","NHS ENGLAND SOUTH (SOUTH EAST)","Y57","","YORK HOUSE","18-20 MASSETTS ROAD","","HORLEY","SURREY","RH6 7DE","20150401","","","S","","","","","","","","0","","","","",""
"Q82","NHS ENGLAND SOUTH (SOUTH CENTRAL)","Y57","","BEWLEY HOUSE","1ST FLOOR","MARSHFIELD ROAD","CHIPPENHAM","WILTSHIRE","SN15 1JW","20150401","","","S","","","","","","","","0","","","","",""
"Q83","NHS ENGLAND NORTH (GREATER MANCHESTER)","Y54","","4TH FLOOR","PICCADILLY PLACE","LONDON ROAD","MANCHESTER","GREATER MANCHESTER","M1 3BN","20160401","","","S","","","","","","","","1","","","","",""
"Q84","NHS ENGLAND NORTH (LANCASHIRE)","Y54","","2ND FLOOR PRESTON BUSINESS CENTRE","WATLING STREET ROAD","FULWOOD","PRESTON","LANCASHIRE","PR2 8DY","20160401","","","S","","","","","","","","1","","","","",""
"W","WALES GOVERNMENT OFFICE REGION","","","2 FITZALLEN ROAD","","","CARDIFF","SOUTH GLAMORGAN","CF24 0HA","19940401","","","","","","","","","","","0","","","","",""
"W00","NHS WALES INFORMATICS SERVICE","","","BRUNEL HOUSE","2 FITZALAN ROAD","","CARDIFF","SOUTH GLAMORGAN","CF24 0HA","19960401","","","","","","","","","","","0","","","","",""
"W01","WELSH GOVERNMENT","W00","","CROWN BUILDING","CATHAYS PARK","","CARDIFF","SOUTH GLAMORGAN","CF10 3NQ","20030401","","","","","","","","","","","0","","","","",""
"Y54","NORTH OF ENGLAND COMMISSIONING REGION","","","C/O NHS COMMISSIONING BOARD","1W09, 1ST FLOOR, QUARRY HOUSE","QUARRY HILL","LEEDS","WEST YORKSHIRE","LS2 7UE","20121001","","","","","","","","","","","0","","","","",""
"Y55","MIDLANDS AND EAST OF ENGLAND COMMISSIONING REGION","","","2-4 VICTORIA HOUSE","CAPITAL PARK","FULBOURN","CAMBRIDGE","CAMBRIDGESHIRE","CB21 5XB","20121001","","","","","","","","","","","0","","","","",""
"Y56","LONDON COMMISSIONING REGION","","","C/O NHS COMMISSIONING BOARD","1W09, 1ST FLOOR, QUARRY HOUSE","QUARRY HILL","LEEDS","WEST YORKSHIRE","LS2 7UE","20121001","","","","","","","","","","","0","","","","",""
"Y57","SOUTH OF ENGLAND COMMISSIONING REGION","","","C/O NHS COMMISSIONING BOARD","1W09, 1ST FLOOR, QUARRY HOUSE","QUARRY HILL","LEEDS","WEST YORKSHIRE","LS2 7UE","20121001","","","","","","","","","","","0","","","","",""
